Gender,Age,Under 30,Senior Citizen,Married,Dependents,Number of Dependents,Referred a Friend,Number of Referrals,Tenure in Months,Offer,Phone Service,Avg Monthly Long Distance Charges,Multiple Lines,Internet Service,Internet Type,Avg Monthly GB Download,Online Security,Online Backup,Device Protection Plan,Premium Tech Support,Streaming TV,Streaming Movies,Streaming Music,Unlimited Data,Contract,Paperless Billing,Payment Method,Monthly Charge,Total Charges,Total Refunds,Total Extra Data Charges,Total Long Distance Charges,Total Revenue,Satisfaction Score,Customer Status,Churn Label,Churn Value,Churn Score,CLTV,Churn Reason,City,Zip Code,Lat Long,Latitude,Longitude,Population
Female,73,No,Yes,Yes,No,0,Yes,1,47,No Offer,Yes,26.95,No,Yes,Fiber Optic,26,No,No,No,No,No,No,No,Yes,Month-to-Month,No,Bank Withdrawal,70.55,3309.25,26.99,0,1266.65,4548.91,3,Churned,Yes,1,82,4457,Competitor made better offer,Escondido,92027,"33.141265, -116.967221",33.141265,-116.967221,48690
Male,64,No,No,No,No,0,No,0,50,Offer B,Yes,47.16,Yes,No,No Internet,0,No,No,No,No,No,No,No,No,Two Year,No,Bank Withdrawal,24.9,1195.25,0.0,0,2358.0,3553.25,4,Stayed,No,0,68,4297,Not Churned,Mt Baldy,91759,"34.231318, -117.662032",34.231318,-117.662032,47
Male,28,Yes,No,Yes,No,0,Yes,9,52,No Offer,Yes,10.4,No,Yes,DSL,85,Yes,Yes,No,No,Yes,Yes,Yes,Yes,One Year,Yes,Credit Card,75.4,3865.45,0.0,0,540.8000000000001,4406.25,5,Stayed,No,0,59,5211,Not Churned,San Diego,92119,"32.802959, -117.027095",32.802959,-117.027095,21866
Female,35,No,No,Yes,Yes,3,Yes,1,11,Offer D,Yes,29.01,No,No,No Internet,0,No,No,No,No,No,No,No,No,Month-to-Month,Yes,Credit Card,19.25,180.3,0.0,0,319.11,499.41,1,Churned,Yes,1,69,5638,Attitude of support person,Compton,90221,"33.885811, -118.206459",33.885811,-118.206459,51387
Male,67,No,Yes,Yes,No,0,Yes,1,13,No Offer,Yes,31.7,Yes,Yes,Cable,6,No,No,No,No,Yes,Yes,Yes,Yes,Month-to-Month,Yes,Bank Withdrawal,95.25,1233.65,48.09,0,412.1,1597.66,1,Churned,Yes,1,90,2982,Competitor had better devices,Murrieta,92563,"33.581045, -117.14719",33.581045,-117.14719,18311
Female,30,No,No,No,No,0,No,0,3,No Offer,Yes,26.26,No,Yes,Fiber Optic,30,No,No,No,No,No,No,No,Yes,Month-to-Month,Yes,Bank Withdrawal,69.55,222.3,0.0,0,78.78,301.08,1,Churned,Yes,1,87,2876,Competitor offered higher download speeds,Earlimart,93219,"35.858054, -119.305858",35.858054,-119.305858,9318
Male,64,No,No,Yes,No,0,Yes,6,72,No Offer,Yes,23.27,Yes,Yes,Fiber Optic,3,Yes,Yes,Yes,Yes,Yes,Yes,Yes,Yes,Two Year,Yes,Credit Card,114.1,8086.4,0.0,0,1675.44,9761.84,3,Stayed,No,0,61,4965,Not Churned,Fallbrook,92028,"33.362575, -117.299644",33.362575,-117.299644,42239
Female,46,No,No,No,No,0,No,0,4,No Offer,Yes,12.58,No,Yes,Fiber Optic,19,No,No,No,No,No,No,No,Yes,Month-to-Month,Yes,Credit Card,70.05,266.9,0.0,0,50.32,317.22,1,Churned,Yes,1,89,3600,Competitor had better devices,Berkeley,94703,"37.863843, -122.275684",37.863843,-122.275684,19763
Male,71,No,Yes,No,No,0,No,0,55,No Offer,No,0.0,No,Yes,DSL,23,No,No,Yes,No,Yes,Yes,No,Yes,One Year,Yes,Bank Withdrawal,50.05,2743.45,0.0,0,0.0,2743.45,4,Stayed,No,0,70,4932,Not Churned,Potrero,91963,"32.619465, -116.593605",32.619465,-116.593605,905
Male,29,Yes,No,No,No,0,No,0,3,No Offer,No,0.0,No,Yes,DSL,85,Yes,Yes,No,No,No,No,No,Yes,Month-to-Month,Yes,Credit Card,35.45,106.85,0.0,0,0.0,106.85,1,Churned,Yes,1,70,2095,Moved,Cabazon,92230,"33.929812, -116.76058",33.929812,-116.76058,2355
Male,53,No,No,Yes,No,0,Yes,1,56,No Offer,Yes,14.43,Yes,Yes,Fiber Optic,25,No,Yes,No,Yes,Yes,Yes,Yes,Yes,One Year,Yes,Bank Withdrawal,107.25,6033.3,0.0,0,808.0799999999999,6841.38,3,Stayed,No,0,70,5800,Not Churned,Silverado,92676,"33.782346, -117.635263",33.782346,-117.635263,1859
Female,57,No,No,Yes,Yes,3,Yes,8,68,No Offer,Yes,7.47,Yes,Yes,DSL,29,Yes,Yes,Yes,Yes,No,Yes,Yes,Yes,One Year,Yes,Bank Withdrawal,78.45,5333.35,0.0,0,507.96,5841.31,5,Stayed,No,0,67,5071,Not Churned,Fresno,93703,"36.768774, -119.762633",36.768774,-119.762633,31180
Female,49,No,No,No,No,0,No,0,13,No Offer,Yes,29.21,Yes,Yes,Fiber Optic,22,No,No,No,No,No,Yes,Yes,Yes,Month-to-Month,Yes,Bank Withdrawal,85.95,1215.65,0.0,0,379.73,1595.38,5,Stayed,No,0,58,5886,Not Churned,Cerritos,90703,"33.8681, -118.067402",33.8681,-118.067402,51556
Female,32,No,No,No,No,0,No,0,20,No Offer,Yes,10.9,No,No,No Internet,0,No,No,No,No,No,No,No,No,One Year,Yes,Credit Card,19.35,433.75,0.0,0,218.0,651.75,5,Stayed,No,0,77,5811,Not Churned,El Cajon,92019,"32.785165, -116.862648",32.785165,-116.862648,40995
Female,25,Yes,No,No,No,0,No,0,66,No Offer,Yes,21.37,No,Yes,DSL,30,Yes,Yes,Yes,No,No,No,No,Yes,Two Year,Yes,Bank Withdrawal,61.15,4017.45,0.0,0,1410.42,5427.87,3,Stayed,No,0,66,5133,Not Churned,Columbia,95310,"38.085839, -120.37855",38.085839,-120.37855,2144
Female,33,No,No,Yes,No,0,Yes,9,1,No Offer,No,0.0,No,Yes,DSL,14,No,No,No,No,No,Yes,Yes,Yes,Month-to-Month,No,Bank Withdrawal,35.0,35.0,0.0,0,0.0,35.0,3,Joined,No,0,54,4099,Not Churned,Morro Bay,93442,"35.369553, -120.763864",35.369553,-120.763864,10909
Male,26,Yes,No,No,No,0,No,0,63,No Offer,Yes,21.45,Yes,Yes,Fiber Optic,85,Yes,Yes,Yes,Yes,Yes,No,No,Yes,One Year,No,Credit Card,104.5,6590.8,0.0,0,1351.35,7942.15,4,Stayed,No,0,43,4908,Not Churned,Benicia,94510,"38.113533, -122.11926",38.113533,-122.11926,25578
Male,40,No,No,No,No,0,No,0,1,Offer E,No,0.0,No,Yes,DSL,6,No,No,No,No,No,No,No,Yes,Month-to-Month,Yes,Bank Withdrawal,24.4,24.4,0.0,0,0.0,24.4,5,Joined,No,0,66,3145,Not Churned,Trinity Center,96091,"41.081847, -122.700545",41.081847,-122.700545,734
Female,69,No,Yes,Yes,No,0,Yes,8,72,Offer A,Yes,7.85,Yes,Yes,Fiber Optic,20,Yes,Yes,No,No,Yes,Yes,Yes,No,One Year,Yes,Bank Withdrawal,106.85,7677.4,0.0,100,565.1999999999999,8342.6,4,Stayed,No,0,58,4768,Not Churned,Anaheim,92807,"33.848733, -117.788357",33.848733,-117.788357,36301
Male,20,Yes,No,No,Yes,2,No,0,53,Offer B,Yes,47.81,No,Yes,Cable,59,Yes,Yes,No,Yes,No,No,No,Yes,One Year,No,Credit Card,62.85,3419.5,0.0,0,2533.93,5953.43,4,Stayed,No,0,24,6281,Not Churned,Fresno,93650,"36.841655, -119.797113",36.841655,-119.797113,3258
Female,25,Yes,No,Yes,Yes,2,Yes,9,3,Offer E,Yes,11.47,No,Yes,DSL,51,No,Yes,No,No,Yes,No,No,Yes,Month-to-Month,Yes,Credit Card,58.7,168.6,0.0,0,34.41,203.01,3,Joined,No,0,52,3654,Not Churned,Santa Rosa,95401,"38.460517, -122.790335",38.460517,-122.790335,36125
Male,77,No,Yes,No,No,0,No,0,1,No Offer,Yes,49.6,Yes,Yes,Fiber Optic,20,No,No,Yes,No,Yes,No,No,No,Month-to-Month,Yes,Bank Withdrawal,88.8,88.8,0.0,10,49.6,148.4,1,Churned,Yes,1,91,3106,Competitor made better offer,Round Mountain,96084,"40.923558, -122.059933",40.923558,-122.059933,459
Male,40,No,No,No,No,0,No,0,3,No Offer,Yes,12.05,No,No,No Internet,0,No,No,No,No,No,No,No,No,One Year,No,Credit Card,21.2,52.05,0.0,0,36.15000000000001,88.2,5,Joined,No,0,29,2088,Not Churned,San Francisco,94123,"37.800254, -122.436975",37.800254,-122.436975,22920
Male,70,No,Yes,Yes,No,0,Yes,9,2,Offer E,Yes,34.99,No,Yes,Fiber Optic,24,No,No,No,No,No,No,No,Yes,Month-to-Month,No,Bank Withdrawal,70.1,141.65,0.0,0,69.98,211.63,4,Joined,No,0,74,5592,Not Churned,Sacramento,95823,"38.475465, -121.443625",38.475465,-121.443625,72199
Female,41,No,No,No,No,0,No,0,3,Offer E,Yes,24.63,No,No,No Internet,0,No,No,No,No,No,No,No,No,Month-to-Month,No,Bank Withdrawal,19.75,58.85,0.0,0,73.89,132.74,3,Churned,Yes,1,83,2647,Attitude of support person,Pilot Hill,95664,"38.803731, -121.043799",38.803731,-121.043799,1173
Male,29,Yes,No,Yes,Yes,3,Yes,6,32,No Offer,Yes,36.65,No,Yes,Fiber Optic,69,Yes,Yes,No,No,No,Yes,Yes,Yes,One Year,Yes,Bank Withdrawal,90.8,3023.85,0.0,0,1172.8,4196.65,3,Stayed,No,0,80,2722,Not Churned,Patterson,95363,"37.410236, -121.320337",37.410236,-121.320337,15536
Male,24,Yes,No,Yes,Yes,1,Yes,3,12,No Offer,Yes,49.7,No,No,No Internet,0,No,No,No,No,No,No,No,No,Two Year,No,Bank Withdrawal,21.05,262.05,0.0,0,596.4000000000001,858.45,4,Stayed,No,0,25,4843,Not Churned,Berkeley,94710,"37.872902, -122.303708",37.872902,-122.303708,8157
Female,64,No,No,Yes,No,0,Yes,1,1,Offer E,Yes,21.65,No,Yes,Fiber Optic,13,No,No,No,No,No,No,No,Yes,Month-to-Month,Yes,Bank Withdrawal,68.95,68.95,0.0,0,21.65,90.6,2,Churned,Yes,1,75,5644,Limited range of services,Calimesa,92320,"33.982787, -117.057627",33.982787,-117.057627,7334
Female,38,No,No,No,No,0,No,0,60,No Offer,Yes,16.81,No,Yes,Fiber Optic,21,No,Yes,Yes,No,Yes,Yes,Yes,Yes,Two Year,Yes,Bank Withdrawal,99.65,5941.05,0.0,0,1008.6,6949.65,4,Stayed,No,0,41,4616,Not Churned,Sacramento,95827,"38.549185, -121.328386",38.549185,-121.328386,19611
Male,45,No,No,No,No,0,No,0,1,Offer E,Yes,11.25,No,No,No Internet,0,No,No,No,No,No,No,No,No,Month-to-Month,No,Credit Card,20.2,20.2,0.0,0,11.25,31.45,2,Churned,Yes,1,91,5418,Competitor made better offer,Clayton,94517,"37.881842, -121.848111",37.881842,-121.848111,14239
Male,47,No,No,No,No,0,No,0,4,No Offer,Yes,6.86,No,No,No Internet,0,No,No,No,No,No,No,No,No,One Year,No,Credit Card,19.95,68.2,0.0,0,27.44,95.64,4,Stayed,No,0,35,2195,Not Churned,Santa Maria,93454,"34.943523, -120.256729",34.943523,-120.256729,30540
Male,24,Yes,No,No,No,0,No,0,35,No Offer,Yes,38.38,No,Yes,DSL,82,Yes,Yes,Yes,No,No,No,No,Yes,One Year,No,Mailed Check,61.2,2021.2,0.0,0,1343.3,3364.5,3,Stayed,No,0,70,2075,Not Churned,Campo,91906,"32.673483, -116.472863",32.673483,-116.472863,3133
Male,66,No,Yes,No,No,0,No,0,72,Offer A,Yes,2.37,Yes,No,No Internet,0,No,No,No,No,No,No,No,No,Two Year,Yes,Credit Card,25.1,1789.9,0.0,0,170.64,1960.54,5,Stayed,No,0,74,5751,Not Churned,Simi Valley,93065,"34.269449, -118.768471",34.269449,-118.768471,64802
Male,39,No,No,No,No,0,No,0,4,No Offer,Yes,28.89,No,Yes,DSL,3,No,No,Yes,Yes,Yes,Yes,Yes,Yes,Month-to-Month,Yes,Bank Withdrawal,74.4,299.7,0.0,0,115.56,415.26,2,Churned,Yes,1,69,3633,Attitude of support person,Los Angeles,90066,"34.002028, -118.430656",34.002028,-118.430656,55204
Female,32,No,No,No,Yes,3,No,0,1,No Offer,Yes,13.13,No,Yes,Fiber Optic,57,No,No,No,No,Yes,No,No,Yes,Month-to-Month,Yes,Bank Withdrawal,79.35,79.35,0.0,0,13.13,92.48,1,Churned,Yes,1,87,2483,Competitor had better devices,Huntington Park,90255,"33.97803, -118.217141",33.97803,-118.217141,78114
Male,32,No,No,Yes,No,0,Yes,2,17,Offer D,Yes,45.35,No,Yes,DSL,11,Yes,Yes,No,No,No,Yes,Yes,Yes,One Year,No,Credit Card,64.8,1175.6,0.0,0,770.95,1946.55,4,Stayed,No,0,70,3546,Not Churned,Palmdale,93550,"34.536232, -118.082935",34.536232,-118.082935,67232
Female,62,No,No,No,No,0,No,0,12,No Offer,No,0.0,No,Yes,Cable,24,No,Yes,Yes,Yes,Yes,Yes,Yes,Yes,One Year,No,Bank Withdrawal,60.65,743.3,40.41,0,0.0,702.89,3,Stayed,No,0,24,3740,Not Churned,Yucca Valley,92284,"34.159534, -116.425984",34.159534,-116.425984,20486
Female,39,No,No,Yes,Yes,2,Yes,10,72,No Offer,Yes,14.17,No,No,No Internet,0,No,No,No,No,No,No,No,No,Two Year,No,Bank Withdrawal,20.1,1460.85,0.0,0,1020.24,2481.09,5,Stayed,No,0,30,4598,Not Churned,Cedarville,96104,"41.505916, -120.152505",41.505916,-120.152505,857
Male,64,No,No,No,No,0,No,0,35,No Offer,Yes,20.39,Yes,Yes,DSL,21,Yes,No,No,No,No,No,No,Yes,Two Year,No,Credit Card,55.25,1924.1,0.0,0,713.65,2637.75,3,Stayed,No,0,24,5498,Not Churned,Yorba Linda,92886,"33.897253, -117.792202",33.897253,-117.792202,39458
Male,21,Yes,No,Yes,Yes,3,Yes,9,58,No Offer,No,0.0,No,Yes,Cable,52,Yes,Yes,Yes,No,Yes,No,No,Yes,One Year,No,Mailed Check,50.0,2919.85,0.0,0,0.0,2919.85,4,Stayed,No,0,45,4704,Not Churned,Winton,95388,"37.421299, -120.599587",37.421299,-120.599587,11463
Female,40,No,No,Yes,No,0,Yes,1,47,No Offer,Yes,44.26,No,Yes,Cable,23,No,No,Yes,No,No,Yes,Yes,Yes,Month-to-Month,Yes,Bank Withdrawal,85.3,4045.65,0.0,0,2080.22,6125.87,2,Churned,Yes,1,90,3631,Don't know,Rodeo,94572,"38.027218, -122.23463",38.027218,-122.23463,8506
Male,58,No,No,Yes,No,0,Yes,1,40,Offer B,Yes,16.33,Yes,Yes,Fiber Optic,23,No,No,No,No,Yes,Yes,Yes,Yes,Month-to-Month,Yes,Bank Withdrawal,97.1,3706.95,41.85,0,653.1999999999999,4318.3,3,Churned,Yes,1,67,3099,Competitor offered more data,Marshall,94940,"38.129308, -122.834815",38.129308,-122.834815,406
Male,20,Yes,No,No,No,0,No,0,68,No Offer,Yes,5.84,Yes,No,No Internet,0,No,No,No,No,No,No,No,No,Two Year,No,Credit Card,24.55,1657.4,0.0,0,397.12,2054.52,3,Stayed,No,0,31,6042,Not Churned,Linden,95236,"38.047746, -121.030499",38.047746,-121.030499,3148
Male,25,Yes,No,Yes,Yes,1,Yes,2,70,Offer A,Yes,35.9,Yes,Yes,Cable,59,Yes,Yes,Yes,Yes,No,Yes,Yes,Yes,One Year,No,Bank Withdrawal,78.35,5445.95,0.0,0,2513.0,7958.95,4,Stayed,No,0,42,4422,Not Churned,Ojai,93023,"34.581308, -118.931948",34.581308,-118.931948,21633
Female,54,No,No,Yes,No,0,Yes,1,63,Offer B,Yes,21.15,Yes,Yes,Fiber Optic,24,No,Yes,No,No,No,No,No,Yes,Month-to-Month,Yes,Bank Withdrawal,81.55,5029.05,0.0,0,1332.45,6361.5,4,Stayed,No,0,41,4980,Not Churned,Irvine,92618,"33.667145, -117.732135",33.667145,-117.732135,6301
Male,65,No,Yes,No,No,0,No,0,67,No Offer,Yes,34.23,No,Yes,Fiber Optic,11,Yes,Yes,No,Yes,Yes,Yes,Yes,Yes,Two Year,Yes,Bank Withdrawal,105.05,7171.7,0.0,0,2293.41,9465.11,4,Stayed,No,0,49,4143,Not Churned,Somerset,95684,"38.606703, -120.586659",38.606703,-120.586659,2958
Female,70,No,Yes,No,No,0,No,0,9,No Offer,Yes,17.56,Yes,Yes,Fiber Optic,27,No,No,No,No,No,No,No,Yes,Month-to-Month,Yes,Bank Withdrawal,74.55,622.9,33.25,0,158.04,747.69,1,Churned,Yes,1,69,3145,Competitor had better devices,Stockton,95207,"38.002125, -121.324979",38.002125,-121.324979,49965
Female,29,Yes,No,Yes,No,0,Yes,6,46,No Offer,Yes,2.0,Yes,Yes,Fiber Optic,48,No,Yes,Yes,Yes,Yes,Yes,Yes,Yes,Two Year,Yes,Credit Card,108.9,4854.3,0.0,0,92.0,4946.3,5,Stayed,No,0,45,5119,Not Churned,Ione,95640,"38.33788, -120.954202",38.33788,-120.954202,9752
Female,48,No,No,Yes,No,0,Yes,1,16,No Offer,Yes,46.86,No,No,No Internet,0,No,No,No,No,No,No,No,No,Month-to-Month,No,Credit Card,19.6,314.45,26.83,0,749.76,1037.38,3,Stayed,No,0,79,4298,Not Churned,Thousand Oaks,91362,"34.191842, -118.822796",34.191842,-118.822796,33057
Female,50,No,No,No,No,0,No,0,2,No Offer,Yes,41.08,Yes,Yes,Fiber Optic,25,No,No,No,No,No,No,No,Yes,Month-to-Month,Yes,Credit Card,74.9,136.05,0.0,0,82.16,218.21,4,Joined,No,0,62,2044,Not Churned,Rio Oso,95674,"38.954144, -121.482536",38.954144,-121.482536,947
Female,65,No,Yes,No,No,0,No,0,14,Offer D,Yes,16.36,Yes,Yes,Fiber Optic,6,No,Yes,No,No,No,No,No,Yes,Month-to-Month,Yes,Bank Withdrawal,78.95,1101.85,0.0,0,229.04,1330.89,1,Churned,Yes,1,88,5203,Competitor made better offer,Byron,94514,"37.83323, -121.601461",37.83323,-121.601461,10153
Female,63,No,No,No,No,0,No,0,50,Offer B,Yes,37.95,No,No,No Internet,0,No,No,No,No,No,No,No,No,One Year,No,Bank Withdrawal,19.75,989.05,0.0,0,1897.5,2886.55,4,Stayed,No,0,71,4934,Not Churned,Cedar Glen,92321,"34.255203, -117.175654",34.255203,-117.175654,455
Male,42,No,No,No,No,0,No,0,1,No Offer,Yes,3.23,No,No,No Internet,0,No,No,No,No,No,No,No,No,Month-to-Month,Yes,Credit Card,20.05,20.05,0.0,0,3.23,23.28,3,Joined,No,0,52,5368,Not Churned,Portola Valley,94028,"37.369709, -122.215844",37.369709,-122.215844,6601
Male,50,No,No,No,No,0,No,0,1,No Offer,Yes,22.86,No,Yes,Fiber Optic,25,No,No,No,No,No,No,No,No,Month-to-Month,Yes,Bank Withdrawal,69.8,69.8,0.0,10,22.86,102.66,2,Churned,Yes,1,90,4154,Network reliability,La Habra,90631,"33.940619, -117.9513",33.940619,-117.9513,67354
Male,73,No,Yes,Yes,No,0,Yes,10,54,No Offer,Yes,35.16,Yes,Yes,Fiber Optic,5,No,No,No,No,No,No,No,Yes,Month-to-Month,No,Bank Withdrawal,74.0,3919.15,0.0,0,1898.64,5817.79,5,Stayed,No,0,30,4991,Not Churned,Middletown,95461,"38.787446, -122.58675",38.787446,-122.58675,7789
Female,49,No,No,Yes,No,0,Yes,5,34,Offer C,Yes,11.52,Yes,No,No Internet,0,No,No,No,No,No,No,No,No,Month-to-Month,No,Bank Withdrawal,24.7,780.2,0.0,0,391.68,1171.88,4,Stayed,No,0,72,3421,Not Churned,Pasadena,91105,"34.13946, -118.166649",34.13946,-118.166649,10253
Female,31,No,No,Yes,No,0,Yes,1,48,No Offer,No,0.0,No,Yes,DSL,22,No,Yes,Yes,No,No,No,No,Yes,One Year,No,Mailed Check,34.7,1604.5,0.0,0,0.0,1604.5,2,Churned,Yes,1,90,5995,Product dissatisfaction,La Puente,91746,"34.038983, -117.991372",34.038983,-117.991372,30802
Male,40,No,No,No,No,0,No,0,9,Offer E,Yes,15.53,No,Yes,Fiber Optic,14,No,No,Yes,No,Yes,Yes,Yes,Yes,Month-to-Month,Yes,Bank Withdrawal,94.05,811.65,0.0,0,139.77,951.42,4,Stayed,No,0,42,3475,Not Churned,Crestline,92325,"34.248061, -117.29028",34.248061,-117.29028,10484
Female,39,No,No,No,No,0,No,0,1,No Offer,No,0.0,No,Yes,DSL,12,No,No,No,No,No,No,No,Yes,Month-to-Month,No,Bank Withdrawal,24.6,24.6,0.0,0,0.0,24.6,2,Churned,Yes,1,76,5768,Price too high,Pescadero,94060,"37.22565, -122.297533",37.22565,-122.297533,2055
Male,56,No,No,No,No,0,No,0,20,No Offer,Yes,3.8,No,Yes,Fiber Optic,26,No,No,No,No,No,No,No,No,Month-to-Month,No,Credit Card,70.55,1493.55,17.6,0,76.0,1551.95,3,Stayed,No,0,59,5790,Not Churned,San Jose,95123,"37.238758, -121.828375",37.238758,-121.828375,59632
Male,62,No,No,Yes,No,0,Yes,4,29,No Offer,Yes,39.5,Yes,Yes,Fiber Optic,16,No,Yes,Yes,No,No,No,No,No,Month-to-Month,Yes,Bank Withdrawal,85.8,2440.25,0.0,150,1145.5,3735.75,3,Stayed,No,0,70,2568,Not Churned,Newcastle,95658,"38.883224, -121.15918",38.883224,-121.15918,6096
Male,31,No,No,Yes,Yes,8,Yes,2,54,Offer B,Yes,46.7,No,Yes,Fiber Optic,75,No,Yes,No,Yes,No,No,No,Yes,Two Year,Yes,Bank Withdrawal,79.95,4362.05,0.0,0,2521.8,6883.85,3,Stayed,No,0,48,4387,Not Churned,Santa Monica,90404,"34.026334, -118.474222",34.026334,-118.474222,19975
Male,19,Yes,No,Yes,Yes,1,Yes,3,72,Offer A,Yes,5.7,No,No,No Internet,0,No,No,No,No,No,No,No,No,Two Year,No,Bank Withdrawal,21.0,1493.75,0.0,0,410.4,1904.15,5,Stayed,No,0,71,4974,Not Churned,Smartville,95977,"39.176595, -121.291692",39.176595,-121.291692,963
Female,57,No,No,No,No,0,No,0,1,No Offer,Yes,22.48,No,Yes,Fiber Optic,5,No,No,No,No,Yes,No,No,Yes,Month-to-Month,Yes,Bank Withdrawal,79.65,79.65,0.0,0,22.48,102.13,3,Churned,Yes,1,71,2119,Competitor made better offer,San Diego,92109,"32.787836, -117.232369",32.787836,-117.232376,46086
Female,50,No,No,No,No,0,No,0,53,No Offer,Yes,2.51,Yes,Yes,Fiber Optic,19,Yes,Yes,Yes,No,No,No,No,No,Month-to-Month,No,Bank Withdrawal,90.8,4921.2,0.0,60,133.03,5114.23,3,Stayed,No,0,20,5249,Not Churned,Los Angeles,90005,"34.059281, -118.30742",34.059281,-118.30742,43019
Male,27,Yes,No,Yes,No,0,Yes,4,9,Offer E,Yes,26.03,Yes,Yes,Cable,59,No,Yes,Yes,No,No,Yes,Yes,Yes,Month-to-Month,Yes,Credit Card,69.05,653.95,0.0,0,234.27,888.22,4,Stayed,No,0,60,2907,Not Churned,West Covina,91791,"34.061634, -117.893169",34.061634,-117.893169,30458
Male,48,No,No,Yes,No,0,Yes,1,53,Offer B,Yes,15.77,No,Yes,Fiber Optic,9,No,Yes,No,No,Yes,Yes,Yes,Yes,One Year,Yes,Bank Withdrawal,94.25,4867.95,0.0,0,835.81,5703.76,3,Churned,Yes,1,96,5414,Moved,Long Barn,95335,"38.109125, -120.078597",38.109125,-120.078597,683
Female,40,No,No,No,No,0,No,0,9,No Offer,Yes,41.92,No,Yes,Cable,29,No,No,No,No,No,No,No,Yes,Month-to-Month,Yes,Bank Withdrawal,44.2,403.35,0.0,0,377.28,780.63,2,Churned,Yes,1,87,2029,Competitor offered higher download speeds,Seeley,92273,"32.790282, -115.689559",32.790282,-115.689559,1632
Male,45,No,No,No,No,0,No,0,68,No Offer,Yes,37.79,Yes,No,No Internet,0,No,No,No,No,No,No,No,No,Two Year,Yes,Bank Withdrawal,24.15,1498.85,0.0,0,2569.72,4068.57,4,Stayed,No,0,70,5987,Not Churned,March Air Reserve Base,92518,"33.888323, -117.277533",33.888323,-117.277533,1005
Female,35,No,No,No,No,0,No,0,2,No Offer,Yes,35.41,No,Yes,Fiber Optic,25,Yes,No,Yes,No,No,No,No,Yes,Month-to-Month,Yes,Bank Withdrawal,80.45,137.1,0.0,0,70.82,207.92,4,Joined,No,0,67,5602,Not Churned,Templeton,93465,"35.536115, -120.739231",35.536115,-120.739231,7918
Male,26,Yes,No,Yes,Yes,1,Yes,7,72,No Offer,Yes,21.29,Yes,Yes,Fiber Optic,52,Yes,Yes,Yes,Yes,Yes,Yes,Yes,Yes,Two Year,Yes,Bank Withdrawal,116.6,8337.45,26.7,0,1532.88,9843.63,3,Stayed,No,0,59,5227,Not Churned,Sacramento,95815,"38.608405, -121.449942",38.608405,-121.449942,25355
Male,69,No,Yes,No,No,0,No,0,36,Offer C,Yes,23.33,Yes,Yes,Fiber Optic,23,Yes,No,No,No,Yes,No,No,Yes,Month-to-Month,Yes,Bank Withdrawal,90.85,3186.7,0.0,0,839.8799999999999,4026.58,1,Churned,Yes,1,92,5692,Competitor made better offer,Weaverville,96093,"40.759401, -122.939337",40.759401,-122.939337,3749
Male,75,No,Yes,No,No,0,No,0,7,No Offer,No,0.0,No,Yes,DSL,26,No,Yes,No,Yes,No,Yes,No,Yes,Two Year,Yes,Bank Withdrawal,44.4,265.8,0.0,0,0.0,265.8,4,Stayed,No,0,77,3410,Not Churned,San Jose,95132,"37.424655, -121.74841",37.424655,-121.74841,40568
Male,61,No,No,Yes,Yes,1,Yes,1,47,No Offer,Yes,31.35,Yes,Yes,Fiber Optic,16,No,Yes,No,No,Yes,Yes,Yes,Yes,Month-to-Month,Yes,Bank Withdrawal,99.35,4749.15,0.0,0,1473.45,6222.6,1,Churned,Yes,1,77,5789,Competitor had better devices,Los Angeles,90028,"34.099869, -118.326843",34.099869,-118.326843,30568
Male,22,Yes,No,No,No,0,No,0,2,No Offer,Yes,44.31,Yes,Yes,DSL,73,No,Yes,No,No,No,No,Yes,Yes,Month-to-Month,Yes,Credit Card,54.4,114.1,0.0,0,88.62,202.72,3,Churned,Yes,1,81,2556,Price too high,North Hollywood,91601,"34.1692, -118.372498",34.1692,-118.372498,36625
Male,26,Yes,No,Yes,No,0,Yes,2,61,No Offer,Yes,20.34,No,Yes,Cable,51,Yes,Yes,No,Yes,Yes,Yes,Yes,No,Two Year,Yes,Credit Card,81.05,4747.65,0.0,0,1240.74,5988.39,3,Stayed,No,0,20,4072,Not Churned,Tustin,92780,"33.735802, -117.818805",33.735802,-117.818805,55062
Female,37,No,No,Yes,No,0,Yes,2,55,Offer B,Yes,5.08,Yes,Yes,Fiber Optic,9,Yes,No,No,No,Yes,No,No,Yes,Month-to-Month,Yes,Bank Withdrawal,89.8,4959.6,0.0,0,279.4,5239.0,3,Stayed,No,0,42,5875,Not Churned,Stockton,95209,"38.044523, -121.348048",38.044523,-121.348048,30814
Female,61,No,No,No,No,0,No,0,31,No Offer,Yes,25.57,No,Yes,DSL,27,No,Yes,Yes,Yes,Yes,Yes,Yes,No,Two Year,No,Credit Card,79.2,2497.2,0.0,70,792.67,3359.87,5,Stayed,No,0,78,4984,Not Churned,Compton,90221,"33.885811, -118.206459",33.885811,-118.206459,51387
Male,53,No,No,No,No,0,No,0,1,No Offer,Yes,11.61,No,No,No Internet,0,No,No,No,No,No,No,No,No,Month-to-Month,Yes,Mailed Check,20.45,20.45,0.0,0,11.61,32.06,3,Joined,No,0,48,5384,Not Churned,Visalia,93277,"36.303793, -119.375646",36.303793,-119.375646,44741
Male,22,Yes,No,Yes,No,0,Yes,10,64,Offer B,Yes,40.49,No,Yes,Fiber Optic,69,No,Yes,Yes,Yes,Yes,Yes,Yes,Yes,One Year,Yes,Credit Card,102.45,6654.1,0.0,0,2591.36,9245.46,3,Stayed,No,0,58,6398,Not Churned,Canyon Country,91351,"34.422519, -118.420717",34.422519,-118.420717,59259
Male,77,No,Yes,Yes,No,0,Yes,1,43,Offer B,Yes,14.52,Yes,Yes,Fiber Optic,5,No,Yes,Yes,Yes,Yes,Yes,No,Yes,Month-to-Month,Yes,Bank Withdrawal,110.75,4687.9,0.0,0,624.36,5312.26,2,Churned,Yes,1,65,2728,Competitor made better offer,Santa Barbara,93101,"34.419203, -119.710008",34.419203,-119.710008,31727
Female,63,No,No,No,No,0,No,0,41,No Offer,Yes,10.43,Yes,Yes,Fiber Optic,22,No,Yes,Yes,No,Yes,Yes,Yes,No,Month-to-Month,Yes,Bank Withdrawal,106.3,4443.45,0.0,130,427.63,5001.08,2,Churned,Yes,1,85,5383,Price too high,Los Angeles,90033,"34.050198, -118.210946",34.050198,-118.210946,49431
Female,30,No,No,No,No,0,No,0,1,Offer E,Yes,15.44,No,Yes,Fiber Optic,51,No,No,No,No,Yes,Yes,Yes,No,Month-to-Month,No,Bank Withdrawal,90.55,90.55,0.0,60,15.44,165.99,2,Churned,Yes,1,72,2627,Competitor made better offer,Castro Valley,94546,"37.708327, -122.083473",37.708327,-122.083473,41698
Male,45,No,No,Yes,No,0,Yes,9,72,Offer A,Yes,17.87,Yes,Yes,Fiber Optic,3,Yes,Yes,Yes,Yes,Yes,Yes,Yes,Yes,Two Year,Yes,Credit Card,116.95,8594.4,0.0,0,1286.64,9881.04,3,Stayed,No,0,78,5949,Not Churned,Cabazon,92230,"33.929812, -116.76058",33.929812,-116.76058,2355
Male,39,No,No,No,No,0,No,0,1,No Offer,Yes,25.77,No,Yes,Cable,5,No,No,No,Yes,No,No,No,Yes,Month-to-Month,No,Credit Card,49.05,49.05,0.0,0,25.77,74.82,3,Joined,No,0,30,3178,Not Churned,Culver City,90232,"34.019323, -118.391902",34.019323,-118.391902,15195
Male,53,No,No,Yes,No,0,Yes,7,34,No Offer,Yes,26.03,No,No,No Internet,0,No,No,No,No,No,No,No,No,One Year,No,Credit Card,19.6,678.8,0.0,0,885.02,1563.82,5,Stayed,No,0,33,4669,Not Churned,Rio Vista,94571,"38.148862, -121.737696",38.148862,-121.737696,5246
Female,33,No,No,Yes,Yes,1,Yes,7,14,No Offer,Yes,40.22,No,Yes,Fiber Optic,19,No,No,No,No,No,Yes,Yes,Yes,Month-to-Month,Yes,Bank Withdrawal,80.9,1152.8,0.0,0,563.0799999999999,1715.88,5,Stayed,No,0,46,2563,Not Churned,Long Beach,90808,"33.823943, -118.111335",33.823943,-118.111335,37417
Male,37,No,No,No,Yes,3,No,0,1,No Offer,Yes,17.89,No,No,No Internet,0,No,No,No,No,No,No,No,No,Month-to-Month,Yes,Credit Card,19.2,19.2,0.0,0,17.89,37.09,3,Joined,No,0,76,3383,Not Churned,Scotia,95565,"40.440636, -124.098739",40.440636,-124.098739,1125
Male,79,No,Yes,Yes,No,0,Yes,1,72,No Offer,Yes,17.3,Yes,Yes,DSL,23,Yes,Yes,Yes,No,Yes,Yes,No,Yes,Two Year,Yes,Credit Card,84.1,5981.65,0.0,0,1245.6,7227.25,3,Stayed,No,0,63,4671,Not Churned,Yucca Valley,92284,"34.159534, -116.425984",34.159534,-116.425984,20486
Female,60,No,No,No,No,0,No,0,3,No Offer,Yes,40.98,No,No,No Internet,0,No,No,No,No,No,No,No,No,Month-to-Month,No,Bank Withdrawal,19.55,61.05,0.0,0,122.94,183.99,4,Joined,No,0,46,3889,Not Churned,Valley Springs,95252,"38.156971, -120.849231",38.156971,-120.849231,11266
Male,53,No,No,No,No,0,No,0,71,No Offer,Yes,6.75,Yes,Yes,Fiber Optic,15,No,No,Yes,Yes,No,No,No,Yes,Two Year,Yes,Credit Card,86.4,6172.0,0.0,0,479.25,6651.25,5,Stayed,No,0,30,4069,Not Churned,Fillmore,93015,"34.408161, -118.865111",34.408161,-118.865111,16013
Male,35,No,No,Yes,Yes,2,Yes,1,53,Offer B,Yes,37.57,Yes,Yes,DSL,15,Yes,Yes,No,Yes,No,No,No,Yes,One Year,No,Bank Withdrawal,64.15,3491.55,0.0,0,1991.21,5482.76,3,Stayed,No,0,45,5570,Not Churned,Palermo,95968,"39.435756, -121.552071",39.435756,-121.552071,1254
Female,80,No,Yes,No,No,0,No,0,56,No Offer,Yes,17.33,Yes,Yes,Fiber Optic,16,No,Yes,Yes,Yes,Yes,No,No,Yes,Two Year,Yes,Bank Withdrawal,99.9,5706.3,0.0,0,970.4799999999999,6676.78,3,Stayed,No,0,45,5840,Not Churned,Winchester,92596,"33.657433, -117.04254",33.657433,-117.04254,4093
Male,21,Yes,No,Yes,Yes,1,Yes,6,45,Offer B,Yes,17.23,No,No,No Internet,0,No,No,No,No,No,No,No,No,Two Year,No,Bank Withdrawal,19.2,903.7,0.0,0,775.35,1679.05,3,Stayed,No,0,24,3451,Not Churned,Paso Robles,93446,"35.634222, -120.728341",35.634222,-120.728341,35586
Male,72,No,Yes,Yes,No,0,No,0,26,Offer C,Yes,1.26,Yes,Yes,Fiber Optic,18,No,Yes,Yes,No,Yes,Yes,Yes,No,Month-to-Month,No,Bank Withdrawal,105.75,2710.25,0.0,90,32.76,2833.01,1,Churned,Yes,1,91,3157,Product dissatisfaction,Spring Valley,91978,"32.730264, -116.950963",32.730264,-116.950963,7863
Female,62,No,No,Yes,No,0,Yes,1,11,Offer D,Yes,15.69,Yes,Yes,DSL,12,No,No,No,Yes,No,Yes,Yes,Yes,Month-to-Month,Yes,Bank Withdrawal,66.35,740.8,0.0,0,172.59,913.39,1,Churned,Yes,1,91,2860,Competitor had better devices,Modesto,95351,"37.621458, -121.012295",37.621458,-121.012295,47536
Male,73,No,Yes,Yes,No,0,Yes,10,33,No Offer,Yes,44.54,No,Yes,Fiber Optic,18,Yes,Yes,No,Yes,No,Yes,No,Yes,One Year,Yes,Bank Withdrawal,93.55,3055.5,0.0,0,1469.82,4525.32,4,Stayed,No,0,21,4414,Not Churned,Oakland,94605,"37.758019, -122.138678",37.758019,-122.138678,42854
Female,25,Yes,No,Yes,Yes,1,Yes,10,23,No Offer,Yes,9.84,Yes,Yes,Fiber Optic,71,No,No,No,No,No,Yes,Yes,Yes,Month-to-Month,No,Bank Withdrawal,85.6,1868.4,0.0,0,226.32,2094.72,3,Stayed,No,0,25,3513,Not Churned,El Cajon,92020,"32.79697, -116.969082",32.79697,-116.969082,55277
Female,44,No,No,No,No,0,No,0,2,No Offer,Yes,8.32,No,Yes,Fiber Optic,16,No,No,No,No,Yes,No,No,Yes,Month-to-Month,Yes,Bank Withdrawal,79.75,164.5,0.0,0,16.64,181.14,3,Churned,Yes,1,91,5172,Competitor made better offer,San Diego,92109,"32.787836, -117.232356",32.787836,-117.232376,46086
Female,34,No,No,No,No,0,No,0,2,No Offer,Yes,49.91,No,No,No Internet,0,No,No,No,No,No,No,No,No,Month-to-Month,No,Credit Card,19.3,44.4,0.0,0,99.82,144.22,3,Joined,No,0,43,3009,Not Churned,Gardena,90247,"33.890853, -118.297967",33.890853,-118.297967,47758
